{
 "relevance": 0.54421768707483,
 "traffic": 0.3650793650793651,
 "recency": 0.090702947845805
}