{
 "relevance": 0.5714285714285714,
 "traffic": 0.3333333333333333,
 "recency": 0.09523809523809523
}